Object IDs,First Version Object ID,KeyValuePair.Assembly Key,First Category,First elementId,Sum of Embodied Carbon_lbs/CO2,First Area,Sum of Embodied Carbon per ft2(lbsCO2/ft2)
1e7ad3f5bfc1e07194f630e8a7316250,15734f8ae9f81ad6e273d75acad015f6,W01,Curtain Panels,14387651,0,0,27.91424
7b8de24f5e8c414d326c3dcc40d1c4c8,15734f8ae9f81ad6e273d75acad015f6,W01,Curtain Panels,14387845,0,0,27.91424
06e3979b8dfef5eec1eec789e43793da,15734f8ae9f81ad6e273d75acad015f6,F02,Floors,11257864,22503.7775,740.4428982,30.39232
0eef87759e7ca675487bf48f4d94bfb6,15734f8ae9f81ad6e273d75acad015f6,F02,Floors,10879500,627451.1349,20645.05556,30.39232
251514fb53fb6297ed680d308306faf4,15734f8ae9f81ad6e273d75acad015f6,F02,Floors,10428153,52758.80194,1735.925456,30.39232
2d6fb5492ea1ac112366d1577bd91ce8,15734f8ae9f81ad6e273d75acad015f6,F04,Floors,10340579,584324.4396,20645.05556,28.30336
40eda30dd8ebfbd4713c0bfc1079d6dc,15734f8ae9f81ad6e273d75acad015f6,F01,Floors,17492386,15884.00099,460.5617492,34.48832
4fa5f531b331fd828ed9584763d58ffb,15734f8ae9f81ad6e273d75acad015f6,F02,Floors,14652265,26991.13151,888.0905277,30.39232
66ab3570b852b2232608607872e08db9,15734f8ae9f81ad6e273d75acad015f6,F02,Floors,15205889,10067.456,331.25,30.39232
92e4cdd9010084081d5fc77a498cb8a4,15734f8ae9f81ad6e273d75acad015f6,F02,Floors,11256545,44998.04587,1480.572917,30.39232
93ef4fbe66760c98f0680115735e6032,15734f8ae9f81ad6e273d75acad015f6,F03,Floors,11365537,30579.75922,996.7638889,30.67904
b96083aa7a75d1eeb331786c03aac5c5,15734f8ae9f81ad6e273d75acad015f6,F02,Floors,13413881,979336.7786,32223.1662,30.39232
caa283933226dea7580aeb33f60a078c,15734f8ae9f81ad6e273d75acad015f6,F02,Floors,15610029,1975.5008,65,30.39232
dc49668f71078101bea01e3d7a8ef02d,15734f8ae9f81ad6e273d75acad015f6,F02,Floors,13648605,86875.34526,2858.463759,30.39232
f4d22ae3a7e8afc4803093529f7c0ed2,15734f8ae9f81ad6e273d75acad015f6,F02,Floors,15296744,5734.017707,188.6666667,30.39232
fe4fd2387a23237d4f94a42228e71fe6,15734f8ae9f81ad6e273d75acad015f6,F04,Floors,13648427,80936.65802,2859.613064,28.30336
09e6f73d36dc2c81664adea184a0ff8c,15734f8ae9f81ad6e273d75acad015f6,R01,Roofs,10805816,203.00698,21.40917969,9.48224
28c65a0756df6a80153671e5ad790c2a,15734f8ae9f81ad6e273d75acad015f6,R01,Roofs,15805955,13415.08111,1414.758655,9.48224
31d7034983100c9466591b5cbb9011c6,15734f8ae9f81ad6e273d75acad015f6,R01,Roofs,11717329,12227.34848,1289.5,9.48224
3407077533c5dce9200420e96e445af0,15734f8ae9f81ad6e273d75acad015f6,R01,Roofs,13453028,5939.066441,626.3358068,9.48224
5cf5ca2b3c39c142834a2670d9f0d8e2,15734f8ae9f81ad6e273d75acad015f6,R01,Roofs,12616313,18509.08959,1951.974385,9.48224
659eb8766f18238c71ca37067690d260,15734f8ae9f81ad6e273d75acad015f6,R01,Roofs,11717284,26959.62025,2843.169995,9.48224
6bb3d325b47d3ffcdef8b4570b6ba014,15734f8ae9f81ad6e273d75acad015f6,R01,Roofs,16607624,58.7839616,6.199375,9.48224
6c943cc6dc0c9d5f8b34e3948c0375ea,15734f8ae9f81ad6e273d75acad015f6,R01,Roofs,11368970,189.7109669,20.00697798,9.48224
6f60c71104098efc56f2c8d456dab017,15734f8ae9f81ad6e273d75acad015f6,R01,Roofs,10472123,197561.5485,20834.90277,9.48224
71fcde89a55bf798f254cf6df7559333,15734f8ae9f81ad6e273d75acad015f6,R02,Roofs,10472676,119433.1877,3929.716049,30.39232
7ae75ce43a791a6228ca4c98e4882307,15734f8ae9f81ad6e273d75acad015f6,R02,Roofs,10472796,34441.97051,1133.24585,30.39232
7aeb211839c80df1e103336c09f1c5f6,15734f8ae9f81ad6e273d75acad015f6,R01,Roofs,13122741,44302.91879,4672.199691,9.48224
b36447339f9008fd70a9390e8c3ec0b8,15734f8ae9f81ad6e273d75acad015f6,R01,Roofs,12592886,73282.24398,7728.3684,9.48224
ee659baade40f9b4c9f3d618be8cd2af,15734f8ae9f81ad6e273d75acad015f6,R01,Roofs,16255433,11.76171899,1.240394568,9.48224
f7f84a788dd80af27a5d1f1a7d19a148,15734f8ae9f81ad6e273d75acad015f6,R01,Roofs,13797190,25110.974,2648.211183,9.48224
fa8f793f536aa4a4a5b5892e986ff164,15734f8ae9f81ad6e273d75acad015f6,R01,Roofs,11717027,97260.57558,10257.13076,9.48224
00406496ce9f321198cda26e607bc8d8,15734f8ae9f81ad6e273d75acad015f6,W01,Walls,13620976,381.4946133,13.66666667,27.91424
00d291f9febbae0a3a54ea623ca56278,15734f8ae9f81ad6e273d75acad015f6,W03,Walls,16063923,38.69157911,7.379833052,5.24288
01d06ffdd35e6b0b89c7fc162cf82ce8,15734f8ae9f81ad6e273d75acad015f6,W07,Walls,10452952,37879.8552,883.7086979,42.86464
01eb2c4c50b3b4b99a67de6e74cf913e,15734f8ae9f81ad6e273d75acad015f6,W01,Walls,13555021,915.7966711,32.80750868,27.91424
01fe94847fbede2c8c64d2d295f2777d,15734f8ae9f81ad6e273d75acad015f6,W01,Walls,10448937,3209.26528,114.96875,27.91424
02da0743f38444c2ca3df25a4115f70c,15734f8ae9f81ad6e273d75acad015f6,W01,Walls,11300666,3058.063147,109.5520833,27.91424
02f9bb496be7f28052abe895e9a72bd4,15734f8ae9f81ad6e273d75acad015f6,W01,Walls,10448885,3443.15608,123.3476562,27.91424
036863acf7d58776b44c9aa8a78f02d8,15734f8ae9f81ad6e273d75acad015f6,W01,Walls,14385950,2.326186667,0.083333333,27.91424
037d6b902c883d2cc6288e8013fe2727,15734f8ae9f81ad6e273d75acad015f6,W08,Walls,13720227,14801.41178,731.3551758,20.238336
03920a79341b0d0bbe94068259682f32,15734f8ae9f81ad6e273d75acad015f6,W07,Walls,10431486,10195.02974,237.8424208,42.86464
05cbadad88ffec977050bf0621f2587c,15734f8ae9f81ad6e273d75acad015f6,W01,Walls,13722380,5328.13056,190.875,27.91424
078078e78093eb64bc4b92faa7f86174,15734f8ae9f81ad6e273d75acad015f6,W03,Walls,13620625,143.4146133,27.35416667,5.24288
080165f61fadcb240255576c807334cb,15734f8ae9f81ad6e273d75acad015f6,W01,Walls,16021165,1197.216796,42.8891059,27.91424
0815654b5e869eafd3f8571882d7c676,15734f8ae9f81ad6e273d75acad015f6,W01,Walls,16004577,307.5330838,11.01706813,27.91424
091c95f147e604330fd20fe2eb6534e0,15734f8ae9f81ad6e273d75acad015f6,W01,Walls,13577309,3762.64328,134.7929687,27.91424
09b1ccf25af1e0ca86b2ae5403f0620d,15734f8ae9f81ad6e273d75acad015f6,W03,Walls,13490099,80.93696,15.4375,5.24288
0b1303e0ae407331e4090e0cb70ebed5,15734f8ae9f81ad6e273d75acad015f6,W01,Walls,13541516,9684.478708,346.9368576,27.91424
0c39b792a94dc7bda85b8d47960db46f,15734f8ae9f81ad6e273d75acad015f6,W01,Walls,16308981,2213.94816,79.3125,27.91424
0e1fd1323ca44dd25aa171ed3371b3b9,15734f8ae9f81ad6e273d75acad015f6,W01,Walls,13726734,854.8736,30.625,27.91424
0e6cc75a404532fe55a93b6693a0a665,15734f8ae9f81ad6e273d75acad015f6,W01,Walls,13740196,2929.25056,104.9375,27.91424
0ed92255c05047d4a964b394515ee6ef,15734f8ae9f81ad6e273d75acad015f6,W06,Walls,15023126,2029.012992,59.625,34.029568
0f259ab162612732fac8a50cd15eb638,15734f8ae9f81ad6e273d75acad015f6,W07,Walls,13554444,137936.1611,3217.947499,42.86464
0f8dd58ac934226bae019fa30d2cfadb,15734f8ae9f81ad6e273d75acad015f6,W01,Walls,10805869,450.1898133,16.12760417,27.91424
10196fb7dec7a2664cf9969516b21330,15734f8ae9f81ad6e273d75acad015f6,W01,Walls,11257752,1760.487147,63.06770833,27.91424
11a260c31d1bcb8975a64af9ca87ebfb,15734f8ae9f81ad6e273d75acad015f6,W02,Walls,14919759,7185.55968,318.09375,22.58944
125d998ef377ea3557141dea1cf9ee48,15734f8ae9f81ad6e273d75acad015f6,W01,Walls,15991004,8567.345493,306.9166667,27.91424
134107a80fe82462c04f8e8f097a4ee9,15734f8ae9f81ad6e273d75acad015f6,W03,Walls,13620608,108.62592,20.71875,5.24288
136c0d9dda5121eb9446b27835fff0b1,15734f8ae9f81ad6e273d75acad015f6,W01,Walls,13620719,595.5037867,21.33333333,27.91424
138410ff9f5d2e404d145bc4803c7b9f,15734f8ae9f81ad6e273d75acad015f6,W01,Walls,10246763,23040.152,825.390625,27.91424
1400b07a4e490a48ba65341c922330c5,15734f8ae9f81ad6e273d75acad015f6,W03,Walls,16063920,31.01657777,5.91594272,5.24288
1452ca973b56848a6045ab1cc24fa4a8,15734f8ae9f81ad6e273d75acad015f6,W02,Walls,10789632,2202.4704,97.5,22.58944
1650f31c860d1fab7950f7944f4986cd,15734f8ae9f81ad6e273d75acad015f6,W05,Walls,14544523,12222.80977,987.7803429,12.374016
16a625fecfdc0c33a826f78996241ca8,15734f8ae9f81ad6e273d75acad015f6,W01,Walls,13577282,1716.338062,61.48611111,27.91424
16b2bbf9ed46fb272eb61f1486a09b50,15734f8ae9f81ad6e273d75acad015f6,W01,Walls,10693741,2600.676693,93.16666667,27.91424
16fac87ff21d6b34f0daf6e93633c2bb,15734f8ae9f81ad6e273d75acad015f6,W07,Walls,15208182,850.1486933,19.83333333,42.86464
171d6975cc1ca2264eafb8a430172a4b,15734f8ae9f81ad6e273d75acad015f6,W01,Walls,15983788,1241.602133,44.47916667,27.91424
1898443711cf9e7b6f8045f2a252d237,15734f8ae9f81ad6e273d75acad015f6,W01,Walls,10340288,301.82272,10.8125,27.91424
1a107bca68f90febe4ab741e255742ff,15734f8ae9f81ad6e273d75acad015f6,W01,Walls,11002708,2116.829867,75.83333333,27.91424
1a802e9a1123c47bceb950fa383a93c0,15734f8ae9f81ad6e273d75acad015f6,W07,Walls,15177799,3772.08832,88,42.86464
1ac0fe1019df151bf2913bf95dab4e5a,15734f8ae9f81ad6e273d75acad015f6,W02,Walls,10395441,7284.937529,322.4930556,22.58944
1bd906fca6b318ed34ea5cbfdcb6e73c,15734f8ae9f81ad6e273d75acad015f6,W01,Walls,10782885,673.5037333,24.12760417,27.91424
1c42bb80a4566ae5195664a8e2400136,15734f8ae9f81ad6e273d75acad015f6,W01,Walls,10780869,2214.723556,79.34027778,27.91424
1c68f86b1218a2e59b56f79077cc83e7,15734f8ae9f81ad6e273d75acad015f6,W03,Walls,16041166,34.66126222,6.611111111,5.24288
1c8fd48e7b87123d7dd20c5d93539017,15734f8ae9f81ad6e273d75acad015f6,W01,Walls,13748779,736.23808,26.375,27.91424
1cd77d4f3e735f90e39138da01dfc257,15734f8ae9f81ad6e273d75acad015f6,W09,Walls,10463975,820.6419857,53.80022752,15.253504
1d3c7263211b1a28ef14603a9f150bd2,15734f8ae9f81ad6e273d75acad015f6,W01,Walls,10445216,4234.047431,151.6805556,27.91424
1d76c3f50d9b27e77d40589fc35cbf81,15734f8ae9f81ad6e273d75acad015f6,W01,Walls,13742119,2049.952,73.4375,27.91424
1e89fbadc24e18143786ef737d49da52,15734f8ae9f81ad6e273d75acad015f6,W01,Walls,13741680,2885.63456,103.375,27.91424
1f55aa4b2e3ae146c0d95ee5c03d896c,15734f8ae9f81ad6e273d75acad015f6,W01,Walls,11300642,561.77408,20.125,27.91424
1fb4c77bfe342c2f4fe135dd91eae9e4,15734f8ae9f81ad6e273d75acad015f6,W01,Walls,10693898,488.4992,17.5,27.91424
20e4acc5c398d126885c0e0de3b2f5df,15734f8ae9f81ad6e273d75acad015f6,W01,Walls,16808393,1003.168,35.9375,27.91424
20f28e82a192c1555260099a0b6fa8c0,15734f8ae9f81ad6e273d75acad015f6,W07,Walls,10753154,38787.22529,904.8769637,42.86464
20f788291d90ca1717f2dad95bdaf170,15734f8ae9f81ad6e273d75acad015f6,W03,Walls,13620611,143.4146133,27.35416667,5.24288
21b76e5dbef87495a3dc408d04bb5525,15734f8ae9f81ad6e273d75acad015f6,W07,Walls,14958625,1578.849248,36.8333724,42.86464
23447ae848bca177d1f069021c70a140,15734f8ae9f81ad6e273d75acad015f6,W01,Walls,13554991,861.7888246,30.87273107,27.91424
23684b372139fb16667d26e2b081b4ab,15734f8ae9f81ad6e273d75acad015f6,W01,Walls,11209698,368.11904,13.1875,27.91424
2409051a5f528e9ab5ae94e8cc8368e9,15734f8ae9f81ad6e273d75acad015f6,W01,Walls,11050006,3095.86368,110.90625,27.91424
2526acbc993f20221bcaa926d7c9279b,15734f8ae9f81ad6e273d75acad015f6,W05,Walls,10440184,3913.28256,316.25,12.374016
25d022a65cfb4d0a47f848861db162b9,15734f8ae9f81ad6e273d75acad015f6,W01,Walls,11647486,204.9952,7.34375,27.91424
2658933f51588537435734ad9117c2d5,15734f8ae9f81ad6e273d75acad015f6,W08,Walls,10517694,685.292544,33.86111111,20.238336
271beed96c9bc55f3e2dbd9ce422c5dd,15734f8ae9f81ad6e273d75acad015f6,W01,Walls,13451036,139.7650489,5.006944444,27.91424
27e06f7fd91ab975a541f30dff7d5715,15734f8ae9f81ad6e273d75acad015f6,W01,Walls,14544774,4979.20256,178.375,27.91424
290f16ea10289acd18e2fe4db6bff277,15734f8ae9f81ad6e273d75acad015f6,W11,Walls,13720230,18625.51122,864.4950477,21.54496
296204e97fb3855869d53d3812ed0572,15734f8ae9f81ad6e273d75acad015f6,W01,Walls,15021912,256.46208,9.1875,27.91424
2a4d6b5457dad1f0a109747081fd4f46,15734f8ae9f81ad6e273d75acad015f6,W03,Walls,14544763,1762.044587,336.0833333,5.24288
2af1eb042af76fef2d8e9c0bf266972a,15734f8ae9f81ad6e273d75acad015f6,W01,Walls,11300684,266.92992,9.5625,27.91424
2af682e338eddfdf01af7904eff66838,15734f8ae9f81ad6e273d75acad015f6,W01,Walls,13926896,5992.8384,214.6875,27.91424
2afbf5d4ef0c45d0cb87e69155b90191,15734f8ae9f81ad6e273d75acad015f6,W01,Walls,13742003,2049.952,73.4375,27.91424
2b569fa99ffb5b10a17768a85f3583c9,15734f8ae9f81ad6e273d75acad015f6,W04,Walls,13749420,1027.918848,88.94444444,11.556864
2be75f98a525d09d47526e7823c03ddb,15734f8ae9f81ad6e273d75acad015f6,W01,Walls,10432046,1885.180444,67.53472222,27.91424
2c2ab376b99d4919e10c12d39811a2fc,15734f8ae9f81ad6e273d75acad015f6,W03,Walls,16063924,19.37852,3.696159363,5.24288
2c81aa2f2c87c59d11e63b78d7ecbaf4,15734f8ae9f81ad6e273d75acad015f6,W01,Walls,13556386,937.1866844,33.57378472,27.91424
2dc6479176e0aa4afdf5630fe12f3a0b,15734f8ae9f81ad6e273d75acad015f6,W07,Walls,14958321,1578.849248,36.8333724,42.86464
2e3455c81dccc7074161edd92d15ce3d,15734f8ae9f81ad6e273d75acad015f6,W01,Walls,10448790,3095.86368,110.90625,27.91424
2ef6d4cc96eb287c046a653385c12e04,15734f8ae9f81ad6e273d75acad015f6,W01,Walls,14544846,1008.40192,36.125,27.91424
3182212ee98d273dde2a61781808c1f9,15734f8ae9f81ad6e273d75acad015f6,W02,Walls,14447463,6194.448,274.21875,22.58944
3254637656f71be39cdcfb7a0927ef7d,15734f8ae9f81ad6e273d75acad015f6,W01,Walls,14544766,4979.20256,178.375,27.91424
32dc3ca555da8baa7a6fab967fba61ef,15734f8ae9f81ad6e273d75acad015f6,W02,Walls,14447571,3227.230933,142.8645833,22.58944
32e51123103a8d23b4bf271d020d0dd5,15734f8ae9f81ad6e273d75acad015f6,W01,Walls,13535542,35367.44323,1267.003624,27.91424
331cd472804b0ebad48893d415b5bd11,15734f8ae9f81ad6e273d75acad015f6,W01,Walls,10448808,3058.063147,109.5520833,27.91424
334258a7a8b92b0dc78bce5e904280fc,15734f8ae9f81ad6e273d75acad015f6,W08,Walls,11383780,7369.319232,364.1267361,20.238336
335ea9905a7659f391d2dd6bb0781ded,15734f8ae9f81ad6e273d75acad015f6,W01,Walls,14409076,12778.61568,457.78125,27.91424
338bdcb19ba30a7b2d7058fb7e44b669,15734f8ae9f81ad6e273d75acad015f6,W01,Walls,13721223,2348.28544,84.125,27.91424
33af1f3066687125e4ae3928b7f0a3f2,15734f8ae9f81ad6e273d75acad015f6,W01,Walls,14384951,0,0,27.91424
3420153f24dd2c466e14e4f27dc79d54,15734f8ae9f81ad6e273d75acad015f6,W01,Walls,13720365,889.6210133,31.86979167,27.91424
34e3e4c0535f8be393f1b8351d20bc75,15734f8ae9f81ad6e273d75acad015f6,W08,Walls,11386367,624.682944,30.86631944,20.238336
3502f9488942448e69627dae420b1298,15734f8ae9f81ad6e273d75acad015f6,W01,Walls,11300700,813.00224,29.125,27.91424
3530a8bddebd3b2cb30bfb2933a64e88,15734f8ae9f81ad6e273d75acad015f6,W01,Walls,17145552,1791.890667,64.19270833,27.91424
35ac08ded6dcb4d3e2328371be7d51cd,15734f8ae9f81ad6e273d75acad015f6,W01,Walls,17822743,3684.170827,131.9817708,27.91424
363a8f9760e9e27658e2b06546a9b298,15734f8ae9f81ad6e273d75acad015f6,W01,Walls,11306795,109.3307733,3.916666667,27.91424
36bddf26f729091c75fb992ca17cfae5,15734f8ae9f81ad6e273d75acad015f6,W01,Walls,10448851,3095.86368,110.90625,27.91424
3778c623d38d8dd39d94034cb6078bcf,15734f8ae9f81ad6e273d75acad015f6,W01,Walls,17868262,286.963527,10.28018413,27.91424
37e73a85642fe65b30611b33951ec2bf,15734f8ae9f81ad6e273d75acad015f6,W01,Walls,10806110,5204.454969,186.4444444,27.91424
385a5e115786d47cb3de55cc2303991e,15734f8ae9f81ad6e273d75acad015f6,W01,Walls,13450696,1219.212587,43.67708333,27.91424
387150a4bf717f49a74348d60dc3b945,15734f8ae9f81ad6e273d75acad015f6,W09,Walls,15085342,732.1824922,48.0009375,15.253504
39054583c9b62bd5b3de7121c3608d17,15734f8ae9f81ad6e273d75acad015f6,W01,Walls,13450375,1543.35216,55.2890625,27.91424
394cd724be0c0522fea52e605d2e63fc,15734f8ae9f81ad6e273d75acad015f6,W01,Walls,12623150,2778.242276,99.5277778,27.91424
39949612644066c60be922b9e721b45f,15734f8ae9f81ad6e273d75acad015f6,W01,Walls,11221048,7508.93056,269,27.91424
3acd09a6d716acc5614059fc5f3d4c2b,15734f8ae9f81ad6e273d75acad015f6,W09,Walls,10395477,8717.453208,571.5049609,15.253504
3ae3e3e33cf7954eb4cd7f1dc07231ba,15734f8ae9f81ad6e273d75acad015f6,W01,Walls,16138019,1674.8544,60,27.91424
3b54c1bfa3d01661f89d01e32c904285,15734f8ae9f81ad6e273d75acad015f6,W01,Walls,10447322,3270.618453,117.1666667,27.91424
3b5599220cd6e9bd29b0de19e2cbb9a5,15734f8ae9f81ad6e273d75acad015f6,W02,Walls,15586914,7288.80048,322.6640625,22.58944
3c81be80bdf721814b6a28b1441d6011,15734f8ae9f81ad6e273d75acad015f6,W01,Walls,13740710,2348.28544,84.125,27.91424
3d21925e7a34d72b1a043286a52eae08,15734f8ae9f81ad6e273d75acad015f6,W01,Walls,13722468,5328.13056,190.875,27.91424
3db4cac734fbe28e2212afac261e93a1,15734f8ae9f81ad6e273d75acad015f6,W01,Walls,14977115,1849.852526,66.26913452,27.91424
3e8d5edb1be2b8c5caba22c2cad3f341,15734f8ae9f81ad6e273d75acad015f6,W01,Walls,10448925,615.9003244,22.0640191,27.91424
40b1d91bbf58e0b91571e653551601a2,15734f8ae9f81ad6e273d75acad015f6,W01,Walls,14409075,1019.74208,36.53125,27.91424
4137920034825a7a18dfb8d84877d8c0,15734f8ae9f81ad6e273d75acad015f6,W01,Walls,13620739,586.19904,21,27.91424
41c645eb94f2e91ee7b72180d3cfcc5a,15734f8ae9f81ad6e273d75acad015f6,W01,Walls,10693984,1755.883236,62.90277778,27.91424
4250c0d9f7c1f4388342f87345f67364,15734f8ae9f81ad6e273d75acad015f6,W01,Walls,13541518,9684.478708,346.9368576,27.91424
425a3f18795e138585b48290d690a88b,15734f8ae9f81ad6e273d75acad015f6,W01,Walls,13620948,341.1740444,12.22222222,27.91424
43508e265e7933f2969921f0c1740d3b,15734f8ae9f81ad6e273d75acad015f6,W01,Walls,14977114,1838.468818,65.86132446,27.91424
4368c292d84646875dee4b781f103bcd,15734f8ae9f81ad6e273d75acad015f6,W01,Walls,15986460,56.99157333,2.041666667,27.91424
43bfa2073c07242bdfb78bca753fd540,15734f8ae9f81ad6e273d75acad015f6,W01,Walls,13722478,2667.55456,95.5625,27.91424
458345dac554fc32daac0a4a8d721c12,15734f8ae9f81ad6e273d75acad015f6,W01,Walls,13555679,1186.3552,42.5,27.91424
45a0003598f3306c752ece0c572de671,15734f8ae9f81ad6e273d75acad015f6,W01,Walls,17145301,388.1824,13.90625,27.91424
46eb297d37ddac642fbdb68405daee6c,15734f8ae9f81ad6e273d75acad015f6,W01,Walls,11300640,382.07616,13.6875,27.91424
46f30f8a50b5a1bd69503d315b4b2d09,15734f8ae9f81ad6e273d75acad015f6,W01,Walls,13553826,1818.205653,65.13541667,27.91424
47354dfad52303e751197f02063c1ca1,15734f8ae9f81ad6e273d75acad015f6,W09,Walls,10464539,658.9040715,43.19689899,15.253504
473890768a13c7e04e8e93b9140c9d9e,15734f8ae9f81ad6e273d75acad015f6,W07,Walls,17307696,1371.66848,32,42.86464
477c9f9bcbfe25b5ff33d2549f749dfa,15734f8ae9f81ad6e273d75acad015f6,W01,Walls,11300685,383.8208,13.75,27.91424
483f5ce7fe5fb99f98a9db94c61b58a0,15734f8ae9f81ad6e273d75acad015f6,W03,Walls,13620641,146.96448,28.03125,5.24288
48617c048c8bd842d854dd25a0225cdb,15734f8ae9f81ad6e273d75acad015f6,W01,Walls,15986371,1489.92256,53.375,27.91424
488dbc40008df473d8aba5cfa9033160,15734f8ae9f81ad6e273d75acad015f6,W01,Walls,14600008,11597.4477,415.4670769,27.91424
48f7399ef909ddf2f77c387b5b4c5d7e,15734f8ae9f81ad6e273d75acad015f6,W06,Walls,10440185,7649.090674,224.7777778,34.029568
4975139d6666fe63d48f858d4add5674,15734f8ae9f81ad6e273d75acad015f6,W01,Walls,11050000,3095.86368,110.90625,27.91424
49d09674c6f1c521d203f75ea3eb917e,15734f8ae9f81ad6e273d75acad015f6,W08,Walls,10352648,25932.93801,1281.376987,20.238336
49e004b6dcdb3524680d191a7137daad,15734f8ae9f81ad6e273d75acad015f6,W08,Walls,11383779,641.6419183,31.70428232,20.238336
49f51eb27ef8f6174a43fea0fc699547,15734f8ae9f81ad6e273d75acad015f6,W03,Walls,16039336,95.20943657,18.15975887,5.24288
4a1c1416760e951d83441587fa3b393d,15734f8ae9f81ad6e273d75acad015f6,W01,Walls,10447944,1311.581582,46.98611111,27.91424
4b8fff52a4c659f88a815905538fef19,15734f8ae9f81ad6e273d75acad015f6,W01,Walls,10341467,4349.969067,155.8333333,27.91424
4ba79c56eb74a3cfa0ce15ac95e620fb,15734f8ae9f81ad6e273d75acad015f6,W01,Walls,13577283,7536.8448,270,27.91424
4d8b5b24e7bb63a78afd9bf17a187933,15734f8ae9f81ad6e273d75acad015f6,W02,Walls,10789711,7128.905521,315.585757,22.58944
4e69145b690c45bbfe12345aefe57d42,15734f8ae9f81ad6e273d75acad015f6,W07,Walls,12647681,9995.217592,233.1809527,42.86464
4f23cbca0fb02a1ca6a798a417ba2974,15734f8ae9f81ad6e273d75acad015f6,W01,Walls,13722387,2683.25632,96.125,27.91424
4f490a431f52faa4ebb22a012318443f,15734f8ae9f81ad6e273d75acad015f6,W01,Walls,7313952,5424.667306,194.3333333,27.91424
4fab713f2c681103a26473457ed47a83,15734f8ae9f81ad6e273d75acad015f6,W01,Walls,10446704,4210.397867,150.8333333,27.91424
516477716d7cfb9c29c48571fb492174,15734f8ae9f81ad6e273d75acad015f6,W01,Walls,11052117,3058.063147,109.5520833,27.91424
5182f3a3ea3d892e6b76908a14ab2724,15734f8ae9f81ad6e273d75acad015f6,W01,Walls,12658492,2725.418453,97.63541667,27.91424
532a633317ffafdc1336025748197bae,15734f8ae9f81ad6e273d75acad015f6,W08,Walls,10473801,2948.61312,145.6944444,20.238336
538b349194323729f78c80d742230970,15734f8ae9f81ad6e273d75acad015f6,W01,Walls,12658557,916.5175467,32.83333333,27.91424
54b187aa56f7819be52428c376222e5b,15734f8ae9f81ad6e273d75acad015f6,W05,Walls,10365419,14397.66289,1163.540025,12.374016
551dfdc9f9c772afb2f9a9e2fd8527c6,15734f8ae9f81ad6e273d75acad015f6,W01,Walls,11050074,982.8138667,35.20833333,27.91424
555a59406b47bc9231e49d517e831f17,15734f8ae9f81ad6e273d75acad015f6,W02,Walls,15586893,7288.80048,322.6640625,22.58944
55875b4d612acfbcc205777967556e2f,15734f8ae9f81ad6e273d75acad015f6,W01,Walls,16021456,1030.86416,36.9296875,27.91424
560b58c2dd099e16505614b9daa3fb0a,15734f8ae9f81ad6e273d75acad015f6,W01,Walls,10395613,5980.62592,214.25,27.91424
562f9fb6b3f2471ac6679ad1be086b06,15734f8ae9f81ad6e273d75acad015f6,W03,Walls,16038951,22.41885198,4.276056667,5.24288
5634117358b8375d1a4e01394eb5f2a6,15734f8ae9f81ad6e273d75acad015f6,W08,Walls,10518449,2094.667776,103.5,20.238336
56af0b28578a76791b323dccde95d09f,15734f8ae9f81ad6e273d75acad015f6,W02,Walls,10782278,4400.35232,194.796875,22.58944
582fd7338630a5fd9c6da128853b2df0,15734f8ae9f81ad6e273d75acad015f6,W01,Walls,15806371,866.6983822,31.04861111,27.91424
5868029395e48000d8e779a66b1a0a37,15734f8ae9f81ad6e273d75acad015f6,W01,Walls,13769709,2825.541404,101.2222222,27.91424
5908712506407377a3aaeb9a6eac1dec,15734f8ae9f81ad6e273d75acad015f6,W02,Walls,10780529,4133.86752,183,22.58944
5a686482c1ddf169a406fb3598512563,15734f8ae9f81ad6e273d75acad015f6,W01,Walls,11306823,2507.629227,89.83333333,27.91424
5a723605d9dab097e5dc29e255f7f57a,15734f8ae9f81ad6e273d75acad015f6,W08,Walls,11384214,700.621722,34.61854384,20.238336
5a8df72715942e5236fd931b74936dfa,15734f8ae9f81ad6e273d75acad015f6,W01,Walls,10432853,4234.047431,151.6805556,27.91424
5a8e47d42767778cafd3b19f51d3fd8c,15734f8ae9f81ad6e273d75acad015f6,W01,Walls,12629851,488.4992,17.5,27.91424
5aac659a359215d93e07dc1be3f93e9b,15734f8ae9f81ad6e273d75acad015f6,W08,Walls,13412299,6409.228032,316.6875,20.238336
5cf14dc81465f642a34572bfbae723a5,15734f8ae9f81ad6e273d75acad015f6,W02,Walls,15586907,7288.80048,322.6640625,22.58944
5d2f214796144228e20d88dc982977d5,15734f8ae9f81ad6e273d75acad015f6,W01,Walls,11050057,3095.86368,110.90625,27.91424
5d457ba4bb3c158f4eefc08f4959ec5c,15734f8ae9f81ad6e273d75acad015f6,W01,Walls,10456282,1402.302862,50.23611111,27.91424
5df5ccbda7922fd278124c3b41719901,15734f8ae9f81ad6e273d75acad015f6,W01,Walls,13741679,3288.840249,117.8194444,27.91424
5e09c038d1f931bd33a09bec1e1ab233,15734f8ae9f81ad6e273d75acad015f6,W01,Walls,10448862,982.8138667,35.20833333,27.91424
5e5940696ad187dd65ae4eaa52b76565,15734f8ae9f81ad6e273d75acad015f6,W01,Walls,13135838,822.3069867,29.45833333,27.91424
5f4eb880e4b994548768f05e7dec7d6e,15734f8ae9f81ad6e273d75acad015f6,W01,Walls,10365378,8050.544356,288.4027778,27.91424
5f97f3ef59fd86d7e5b43d011878adc6,15734f8ae9f81ad6e273d75acad015f6,W02,Walls,15972541,293.9372444,13.01215278,22.58944
6002e8e6f94449e646d1a79079daad9a,15734f8ae9f81ad6e273d75acad015f6,W07,Walls,8314199,79969.19073,1865.621424,42.86464
62d76c9edd242fbb3394f2ae58fa6acf,15734f8ae9f81ad6e273d75acad015f6,W03,Walls,16063916,22.81754361,4.352101061,5.24288
62f2f049643f2eee89106a01964af279,15734f8ae9f81ad6e273d75acad015f6,W04,Walls,13723133,960.584064,83.11805556,11.556864
6360ff710cd28a9a88095c764aa2fbc1,15734f8ae9f81ad6e273d75acad015f6,W01,Walls,13555020,898.7924889,32.19835069,27.91424
645f32081620b51570ff0b625d393cbb,15734f8ae9f81ad6e273d75acad015f6,W09,Walls,10478716,945.717248,62,15.253504
6607176636ee1730a71946639c9caef8,15734f8ae9f81ad6e273d75acad015f6,W01,Walls,14544767,3988.24704,142.875,27.91424
66155449ff19e2572f4f807c5c0df2c3,15734f8ae9f81ad6e273d75acad015f6,W07,Walls,17307866,1371.66848,32,42.86464
66323745a597440a55b3806ac6e345e0,15734f8ae9f81ad6e273d75acad015f6,W03,Walls,13620639,119.27552,22.75,5.24288
67ab1259eab91bfa3c837c6770f69db7,15734f8ae9f81ad6e273d75acad015f6,W01,Walls,17306921,4438.36416,159,27.91424
67c1b0914e861dfc8724703a322f4dfe,15734f8ae9f81ad6e273d75acad015f6,W01,Walls,13620563,182.6717541,6.54403466,27.91424
67caab6150c2acf887c516db4c2774cc,15734f8ae9f81ad6e273d75acad015f6,W01,Walls,13440121,878.2263333,31.46158854,27.91424
67f2d53abda5c23d513be65890a2ac22,15734f8ae9f81ad6e273d75acad015f6,W01,Walls,13749836,2885.63456,103.375,27.91424
6827753b8ac9926839bfdeb18215dce7,15734f8ae9f81ad6e273d75acad015f6,W01,Walls,14600000,3668.008676,131.4027778,27.91424
688b7258efe8f99a12e24e27518a2fb2,15734f8ae9f81ad6e273d75acad015f6,W01,Walls,10781144,661.7031822,23.70486111,27.91424
68bb8281ddd1644f311545d646339de9,15734f8ae9f81ad6e273d75acad015f6,W01,Walls,10693251,558.2848,20,27.91424
6a6dcb22e420758c590d88cba0fc094c,15734f8ae9f81ad6e273d75acad015f6,W03,Walls,16037397,284.880724,54.33668594,5.24288
6b3090450d513aea2470f25736411d5e,15734f8ae9f81ad6e273d75acad015f6,W01,Walls,13451014,774.8140089,27.75694444,27.91424
6b4bc12bc4401d0972836c77977338f0,15734f8ae9f81ad6e273d75acad015f6,W01,Walls,14844321,3452.215686,123.6722076,27.91424
6bb1668f99a79d1fbbbed9aa2faf2d90,15734f8ae9f81ad6e273d75acad015f6,W01,Walls,10434667,865.34144,31,27.91424
6c10bfedc51173d978bc3a255d4c964a,15734f8ae9f81ad6e273d75acad015f6,W08,Walls,13728608,37459.4689,1850.916444,20.238336
6c30f93081eb91ca02b5a92775b6c232,15734f8ae9f81ad6e273d75acad015f6,W11,Walls,10352666,16915.23055,785.1131098,21.54496
6ce642764c709f071ddde99957d24c40,15734f8ae9f81ad6e273d75acad015f6,W01,Walls,12658462,2725.418453,97.63541667,27.91424
6d8dbcceaab54723683a2f7a7808e3cd,15734f8ae9f81ad6e273d75acad015f6,W01,Walls,13555760,1249.16224,44.75,27.91424
6dd6fb43e0262696fc6f3f9f3e4d073b,15734f8ae9f81ad6e273d75acad015f6,W01,Walls,10771244,2574.773636,92.23871528,27.91424
6e0d21fd3f3d3ca57f59ebcf01012ff5,15734f8ae9f81ad6e273d75acad015f6,W01,Walls,11007684,2116.829867,75.83333333,27.91424
6eb394053eda3a75a8f29ea28ae8e0f3,15734f8ae9f81ad6e273d75acad015f6,W01,Walls,13620523,298.7387763,10.70202077,27.91424
704c4e2ccab0b5e434b407584fdfbccb,15734f8ae9f81ad6e273d75acad015f6,W01,Walls,15806370,450.8743422,16.15212674,27.91424
70892491a72eaa538bbde159a6e6d9a0,15734f8ae9f81ad6e273d75acad015f6,W03,Walls,16042365,195.6060388,37.30889108,5.24288
7093498711199583dbb5cf2757933d0e,15734f8ae9f81ad6e273d75acad015f6,W07,Walls,10397007,5541.642344,129.2823722,42.86464
712779ae3a24c3c2729c1d6a66bf9fb2,15734f8ae9f81ad6e273d75acad015f6,W01,Walls,13555010,1920.84864,68.8125,27.91424
72c3eb946fa36fae08899b0f68cf432d,15734f8ae9f81ad6e273d75acad015f6,W01,Walls,10445638,1396.220853,50.01822917,27.91424
73a26233e31345881594ed6ec1c42198,15734f8ae9f81ad6e273d75acad015f6,W01,Walls,14447462,5012.35072,179.5625,27.91424
73bf345edd6409927bddf91016ece67c,15734f8ae9f81ad6e273d75acad015f6,W03,Walls,16037735,34.44921347,6.570666022,5.24288
740d5a2fae2fbbb7d045f5a4de734158,15734f8ae9f81ad6e273d75acad015f6,W01,Walls,12653787,5923.705741,212.210891,27.91424
74e8bc8e7955f05e6e90266c5e35e420,15734f8ae9f81ad6e273d75acad015f6,W08,Walls,13125527,703.07136,34.73958333,20.238336
7673b7955c1a059825122c1461712713,15734f8ae9f81ad6e273d75acad015f6,W01,Walls,16460243,502.45632,18,27.91424
771161e0d0fdf0c500a40ca942bf407b,15734f8ae9f81ad6e273d75acad015f6,W01,Walls,10771438,5216.4736,186.875,27.91424
77b6a7002e660b3603b65d6bf495ed19,15734f8ae9f81ad6e273d75acad015f6,W01,Walls,15986914,675.17568,24.1875,27.91424
78cd257a53877bcd2b288e9206d211ad,15734f8ae9f81ad6e273d75acad015f6,W09,Walls,10397684,1525.356358,100.0003906,15.253504
78e0e8c889d2bd77d6b3221dd841cbf9,15734f8ae9f81ad6e273d75acad015f6,W01,Walls,10693847,669.94176,24,27.91424
79c33481f9b1cd9db7f13db2b1ed5a3e,15734f8ae9f81ad6e273d75acad015f6,W01,Walls,14396740,958.0012089,34.31944444,27.91424
79e671c5611122558cbeefc21b3c9559,15734f8ae9f81ad6e273d75acad015f6,W01,Walls,13555708,916.5175467,32.83333333,27.91424
7a04856ffbe42760563ad48698cb09ea,15734f8ae9f81ad6e273d75acad015f6,W01,Walls,14447513,5345.57696,191.5,27.91424
7a7de14c7de009e0be47baf5208e0637,15734f8ae9f81ad6e273d75acad015f6,W02,Walls,10789307,2490.48576,110.25,22.58944
7be2e9b805b99fd5059f891a3647a7ab,15734f8ae9f81ad6e273d75acad015f6,W06,Walls,15023558,2154.260708,63.30555556,34.029568
7be9bfb587575213321a18cd228889a8,15734f8ae9f81ad6e273d75acad015f6,W01,Walls,13555304,1346.86208,48.25,27.91424
7c1e7542ffa52d1283f2dee6045ec822,15734f8ae9f81ad6e273d75acad015f6,W03,Walls,13490055,108.62592,20.71875,5.24288
7d9894da168f0457f379684d42f1bb7a,15734f8ae9f81ad6e273d75acad015f6,W01,Walls,11257710,1850.099853,66.27799479,27.91424
7dc2244e84d72b06335ae133ede6dc16,15734f8ae9f81ad6e273d75acad015f6,W01,Walls,10695101,15280.50105,547.4088152,27.91424
7e61a275a359b290eba54b0971c0cfe7,15734f8ae9f81ad6e273d75acad015f6,W01,Walls,14544847,561.77408,20.125,27.91424
7e975b86bdae09f92b4ce15180f51d18,15734f8ae9f81ad6e273d75acad015f6,W08,Walls,10787332,7807.935425,385.7992784,20.238336
7ef60642eb6c736e0a43a8d14833767f,15734f8ae9f81ad6e273d75acad015f6,W08,Walls,10463117,2094.667776,103.5,20.238336
7f4d5bcfeff4f049fe3f05ed6fc3c597,15734f8ae9f81ad6e273d75acad015f6,W01,Walls,10786817,2511.729556,89.98022358,27.91424
7ff623f73abd2ca72950a577ac1d6bee,15734f8ae9f81ad6e273d75acad015f6,W08,Walls,11383211,2120.527872,104.7777778,20.238336
803dd6f80bc250c0fc7dc80fd14e1f9f,15734f8ae9f81ad6e273d75acad015f6,W02,Walls,10781901,1917.906204,84.90277778,22.58944
806d7d11ed649092b52aeefce368edd5,15734f8ae9f81ad6e273d75acad015f6,W01,Walls,10446705,5115.28448,183.25,27.91424
81f60106ef47d38f271ebb3e099ced72,15734f8ae9f81ad6e273d75acad015f6,W01,Walls,12632788,9431.03316,337.8574219,27.91424
846f91c145d0c0c2e3525b511807b92d,15734f8ae9f81ad6e273d75acad015f6,W03,Walls,16063922,53.54993634,10.21383979,5.24288
84b50c4fb797ad6c7275d9f7df1dca90,15734f8ae9f81ad6e273d75acad015f6,W09,Walls,13155724,1534.889836,100.6253931,15.253504
850522428f5eac8ab61f0b48886ec024,15734f8ae9f81ad6e273d75acad015f6,W01,Walls,13725923,3402.048,121.875,27.91424
85e4ead8f7198097e0eaef30ff0be06c,15734f8ae9f81ad6e273d75acad015f6,W03,Walls,13490076,115.7256533,22.07291667,5.24288
86cdc8ec82c661b098a633a7e940d628,15734f8ae9f81ad6e273d75acad015f6,W01,Walls,14600007,3654.051556,130.9027778,27.91424
8889087e4033ef3a46182360bc04d1f0,15734f8ae9f81ad6e273d75acad015f6,W03,Walls,16037901,60.88471868,11.61283849,5.24288
88da9fefd3354dfa43a1c26d319ac3a8,15734f8ae9f81ad6e273d75acad015f6,W03,Walls,13620624,80.93696,15.4375,5.24288
88e24d87ac6c67a92885fafa6d432555,15734f8ae9f81ad6e273d75acad015f6,W03,Walls,16063921,23.75612647,4.531121534,5.24288
8abacd574b28aa9fe9399280ceb3b463,15734f8ae9f81ad6e273d75acad015f6,W07,Walls,15177756,3772.08832,88,42.86464
8b666db2a9fcbe62a04eeec2e0a3a735,15734f8ae9f81ad6e273d75acad015f6,W01,Walls,13620542,197.0959499,7.06076719,27.91424
8cdd880c26ab699df8c9f29a1fda3708,15734f8ae9f81ad6e273d75acad015f6,W09,Walls,15085581,965.4196797,63.29166595,15.253504
8ce3ce9e60f71fe5d2d2534a4639f994,15734f8ae9f81ad6e273d75acad015f6,W01,Walls,13620935,563.2473316,20.17777778,27.91424
8d0bdf42db400ed4e8e9fdd564935571,15734f8ae9f81ad6e273d75acad015f6,W01,Walls,13577290,2228.7776,79.84375,27.91424
8e561a292033b469edbabd898d008764,15734f8ae9f81ad6e273d75acad015f6,W01,Walls,16271503,1890.14025,67.71240234,27.91424
8fb543a59459ec625a2411ea8de4d605,15734f8ae9f81ad6e273d75acad015f6,W01,Walls,10786770,27137.47539,972.1731771,27.91424
9073476daa5887d22a782b6f250fa094,15734f8ae9f81ad6e273d75acad015f6,W01,Walls,13722046,4701.998649,168.4444444,27.91424
90ead9e425d19c814b18179e69709026,15734f8ae9f81ad6e273d75acad015f6,W03,Walls,16041536,34.66126222,6.611111111,5.24288
90f4d50ad19555d7cc6b61250c8ce284,15734f8ae9f81ad6e273d75acad015f6,W01,Walls,10448806,615.9003244,22.0640191,27.91424
91f2a08a6dd617dfe563ceb5950f776b,15734f8ae9f81ad6e273d75acad015f6,W02,Walls,10789061,2490.48576,110.25,22.58944
922df521fe8a6bb015f1032fd7a151c3,15734f8ae9f81ad6e273d75acad015f6,W03,Walls,13620622,108.62592,20.71875,5.24288
92338d21ba01fd0dfb795ae9969ea607,15734f8ae9f81ad6e273d75acad015f6,W06,Walls,10349313,8182.811364,240.4618056,34.029568
925333a85c2558ee7d43af212a4f77d6,15734f8ae9f81ad6e273d75acad015f6,W01,Walls,13620936,490.0499911,17.55555556,27.91424
92b6874e8b33f350eb74e4c803030602,15734f8ae9f81ad6e273d75acad015f6,W10,Walls,13462835,1393.311744,72,19.351552
939060f76c92237ffa3611204ce24708,15734f8ae9f81ad6e273d75acad015f6,W01,Walls,13541517,9684.478708,346.9368576,27.91424
93acd56e9212b0dc76d0f4f69cb5b766,15734f8ae9f81ad6e273d75acad015f6,W02,Walls,10777576,6451.40288,285.59375,22.58944
963195eef33bd42253190d187e9ec94a,15734f8ae9f81ad6e273d75acad015f6,W02,Walls,10365334,2422.71744,107.25,22.58944
98a4ed44f2fc38473bb6f032a94197bb,15734f8ae9f81ad6e273d75acad015f6,W08,Walls,13720231,28646.72741,1415.468515,20.238336
993770c8e465a62c32dd0eccb278874d,15734f8ae9f81ad6e273d75acad015f6,W01,Walls,13720269,6123.635823,219.3731881,27.91424
993c6999def9a2851dcb675eca314549,15734f8ae9f81ad6e273d75acad015f6,W01,Walls,11300767,543.45536,19.46875,27.91424
998a1db8d863e168d1c49d10f152ed47,15734f8ae9f81ad6e273d75acad015f6,W07,Walls,15034639,186782.6688,4357.5,42.86464
99f9add191a12d771fc7a07a346a0f23,15734f8ae9f81ad6e273d75acad015f6,W01,Walls,15995017,5219.96288,187,27.91424
9a19f9764e118df5678a974de8c3495d,15734f8ae9f81ad6e273d75acad015f6,W02,Walls,10448252,14157.80179,626.7442569,22.58944
9abe338643ebb6ca5667a8d82c5803d2,15734f8ae9f81ad6e273d75acad015f6,W01,Walls,12658441,3095.86368,110.90625,27.91424
9af3e413d03e496126a92ec36b952129,15734f8ae9f81ad6e273d75acad015f6,W01,Walls,11300654,798.1243378,28.59201389,27.91424
9bd51bffe97ef8f13dab8f2229f1512b,15734f8ae9f81ad6e273d75acad015f6,W07,Walls,15177739,3772.08832,88,42.86464
9be9ee49dd486d34a088aa03510f1e05,15734f8ae9f81ad6e273d75acad015f6,W08,Walls,10366634,40118.53611,1982.304084,20.238336
9bef01d43b542a15b69d309dd07cf812,15734f8ae9f81ad6e273d75acad015f6,W02,Walls,16308982,2198.23488,97.3125,22.58944
9ca7273699b847407c74d9eaf876a1d2,15734f8ae9f81ad6e273d75acad015f6,W07,Walls,13090164,2893.388316,67.50058594,42.86464
9dbdae16241a78804aaa8360541aa5c9,15734f8ae9f81ad6e273d75acad015f6,W07,Walls,15036329,850.1486933,19.83333333,42.86464
9f0de0edfa691fd00417570b31e5bd9f,15734f8ae9f81ad6e273d75acad015f6,W01,Walls,13450397,3448.49904,123.5390625,27.91424
9f19e56f012e6c39198c8c39fe05665b,15734f8ae9f81ad6e273d75acad015f6,W07,Walls,10405608,677.2017778,15.79861111,42.86464
a009ffcf18db86c081085570bffa05e3,15734f8ae9f81ad6e273d75acad015f6,W01,Walls,13722475,2667.55456,95.5625,27.91424
a00dec0ad1270283de12a142147a6747,15734f8ae9f81ad6e273d75acad015f6,W09,Walls,10395482,4919.297742,322.5027995,15.253504
a076b371fb9a4c65270aea4562f3d624,15734f8ae9f81ad6e273d75acad015f6,W01,Walls,15015068,147.5063533,5.284269009,27.91424
a0a8a9430cdf164e74b8c592ab70acb7,15734f8ae9f81ad6e273d75acad015f6,W09,Walls,15085362,747.4362941,49.00095703,15.253504
a1069aff38ad6358a90c6ad643bcc879,15734f8ae9f81ad6e273d75acad015f6,W01,Walls,14544762,10417.82699,373.2083333,27.91424
a12296603b12fe45701c4c2d0291c8ca,15734f8ae9f81ad6e273d75acad015f6,W01,Walls,14544779,5795.69408,207.625,27.91424
a17cc03830d478306a6228df1d89f613,15734f8ae9f81ad6e273d75acad015f6,W01,Walls,15022119,451.86176,16.1875,27.91424
a19d617ddfe50f85fc088e1c33a51807,15734f8ae9f81ad6e273d75acad015f6,W01,Walls,13742222,2352.356267,84.27083333,27.91424
a1b5eadc4fc6e75aef9b1060db022896,15734f8ae9f81ad6e273d75acad015f6,W01,Walls,12658436,3095.86368,110.90625,27.91424
a224d8659ed8d9297beb8dd98331dd9d,15734f8ae9f81ad6e273d75acad015f6,W01,Walls,13721216,8311.46496,297.75,27.91424
a25b886504410fc813037fbe5fdcc869,15734f8ae9f81ad6e273d75acad015f6,W02,Walls,10789308,3042.059016,134.6673054,22.58944
a25efba702c5a326271e5b580e68eefc,15734f8ae9f81ad6e273d75acad015f6,W02,Walls,12658461,8816.352533,390.2864583,22.58944
a298f46d97b0970f570ad01f83ff2500,15734f8ae9f81ad6e273d75acad015f6,W06,Walls,10775612,8813.682704,259.0007227,34.029568
a3c23ec6498bda2a1bb4bfd74196f843,15734f8ae9f81ad6e273d75acad015f6,W01,Walls,16808306,534.296,19.140625,27.91424
a3cf826ac0266c81448cd49291aa5d8a,15734f8ae9f81ad6e273d75acad015f6,W03,Walls,13620638,112.1757867,21.39583333,5.24288
a4216fd5b41d162362521c254b340d49,15734f8ae9f81ad6e273d75acad015f6,W03,Walls,16807830,1566.96576,298.875,5.24288
a4437f3dafcf59417f8519dbfa79116b,15734f8ae9f81ad6e273d75acad015f6,W02,Walls,10783372,117.88864,5.21875,22.58944
a4a01bb1c8fdc66c3d45b1aebee0110b,15734f8ae9f81ad6e273d75acad015f6,W08,Walls,15190887,24.17409504,1.194470486,20.238336
a53f0c4f4eb43128fcbd120ba01a0857,15734f8ae9f81ad6e273d75acad015f6,W01,Walls,14445319,139.5712,5,27.91424
a5ea75f965cb6973be80ed32ee602d52,15734f8ae9f81ad6e273d75acad015f6,W07,Walls,15177615,2314.69056,54,42.86464
a72f311eb5085ca7b17bf20a2459a6c8,15734f8ae9f81ad6e273d75acad015f6,W07,Walls,10463352,2302.654868,53.71921631,42.86464
aa14cf22d29844e436c7a876c394c785,15734f8ae9f81ad6e273d75acad015f6,W01,Walls,13494117,1166.657776,41.7943593,27.91424
aa25163d4cc10038d4ef69b49bb0b36f,15734f8ae9f81ad6e273d75acad015f6,W01,Walls,12658501,2725.418453,97.63541667,27.91424
aac12925e87e087aefd9a719ad0ca281,15734f8ae9f81ad6e273d75acad015f6,W08,Walls,11382098,646.5024,31.94444444,20.238336
ab7732b7f00eecaa0b7750a8b59170f2,15734f8ae9f81ad6e273d75acad015f6,W01,Walls,10432110,1885.180444,67.53472222,27.91424
abe9d092ae08a0e572abc122aa25b882,15734f8ae9f81ad6e273d75acad015f6,W01,Walls,15829559,1975.991612,70.78794235,27.91424
acdaffa0966e20d016a9e5067565ccf4,15734f8ae9f81ad6e273d75acad015f6,W01,Walls,14544782,554.3432138,19.85879658,27.91424
ad1118c38e97d81df9fe1e362aa73665,15734f8ae9f81ad6e273d75acad015f6,W01,Walls,10572432,1812.524499,64.93189494,27.91424
ad16e321474a21046fd796ea6fbfdefb,15734f8ae9f81ad6e273d75acad015f6,W01,Walls,11300613,5174.706054,185.378719,27.91424
ad4a47cd69ac483b1c5440ef6fff71dc,15734f8ae9f81ad6e273d75acad015f6,W07,Walls,15177788,3772.08832,88,42.86464
ad76a886a003e2b6572fb889b1bab6c8,15734f8ae9f81ad6e273d75acad015f6,W07,Walls,15252324,164.0799712,3.827863041,42.86464
ad8359352147857add6c696ab12aadf6,15734f8ae9f81ad6e273d75acad015f6,W03,Walls,16038875,15.90394287,3.033436369,5.24288
add6acd12e3a4515b9a72d9ac0813f3c,15734f8ae9f81ad6e273d75acad015f6,W03,Walls,13620610,80.93696,15.4375,5.24288
aebf508e91ef8537a0cef8919b2aa4b6,15734f8ae9f81ad6e273d75acad015f6,W01,Walls,14544783,279.1424,10,27.91424
af186ebf363977dfcdbe4ee3750747ce,15734f8ae9f81ad6e273d75acad015f6,W01,Walls,11300644,861.7888246,30.87273107,27.91424
afb03f4d59ae2509fb9a8a9532657acb,15734f8ae9f81ad6e273d75acad015f6,W02,Walls,10789679,11109.07358,491.7817165,22.58944
b009dea7716139d427158c39b641af28,15734f8ae9f81ad6e273d75acad015f6,W07,Walls,14922586,1350.23616,31.5,42.86464
b09a81c7e3ec99d99a88d0f9a7c66218,15734f8ae9f81ad6e273d75acad015f6,W01,Walls,12658504,2725.418453,97.63541667,27.91424
b1330df92b1a598299134f8dbf560292,15734f8ae9f81ad6e273d75acad015f6,W01,Walls,11300643,1016.349724,36.40972222,27.91424
b263b38ff19ab7bda7e10464bebb3a47,15734f8ae9f81ad6e273d75acad015f6,W01,Walls,13135879,2344.79616,84,27.91424
b29f275714968eed7bfaabc1e1549ca9,15734f8ae9f81ad6e273d75acad015f6,W08,Walls,10515550,2068.80768,102.2222222,20.238336
b39da060339cb651ea7415a5f2f6232d,15734f8ae9f81ad6e273d75acad015f6,W01,Walls,10432020,1603.905707,57.45833333,27.91424
b3c281c09393bc41a114a19615323e1e,15734f8ae9f81ad6e273d75acad015f6,W01,Walls,16199930,1367.79776,49,27.91424
b4692ee2b537f3f6112f008efcb170c7,15734f8ae9f81ad6e273d75acad015f6,W01,Walls,10693272,505.9456,18.125,27.91424
b4e5d244f4a20a844faf620203b21b55,15734f8ae9f81ad6e273d75acad015f6,W01,Walls,13620947,486.9484089,17.44444444,27.91424
b54b0e6f38677efa24e293720e2a697d,15734f8ae9f81ad6e273d75acad015f6,W01,Walls,13742001,1223.331876,43.82465278,27.91424
b5e388c0cd548985b1214e81d60817ee,15734f8ae9f81ad6e273d75acad015f6,W03,Walls,13620640,84.48682667,16.11458333,5.24288
b60286524c5b619c85630480b00d378d,15734f8ae9f81ad6e273d75acad015f6,W01,Walls,12658491,2725.418453,97.63541667,27.91424
b62a35fd18bbc46d2796334b9cd366dd,15734f8ae9f81ad6e273d75acad015f6,W01,Walls,11209623,330.7546667,11.84895833,27.91424
b6aca6a82ae3b83ecae345598acd283b,15734f8ae9f81ad6e273d75acad015f6,W01,Walls,13725043,4787.29216,171.5,27.91424
b888c7730b0135d624f57ffb1423261a,15734f8ae9f81ad6e273d75acad015f6,W03,Walls,13620609,115.7256533,22.07291667,5.24288
b8d98a6da90290511929a0fd305c5dbd,15734f8ae9f81ad6e273d75acad015f6,W09,Walls,8305869,0,0,15.253504
badfe1007034da9378ef64ab1f1223ed,15734f8ae9f81ad6e273d75acad015f6,W01,Walls,10440293,14641.32186,524.5108541,27.91424
baeeb143ae63a50117ee928d3a4dae17,15734f8ae9f81ad6e273d75acad015f6,W02,Walls,10789306,3398.688007,150.4547261,22.58944
bbc8a0074e23285bf1abadb56b96c5c0,15734f8ae9f81ad6e273d75acad015f6,W01,Walls,13553825,457.3864533,16.38541667,27.91424
bc419dd341b3b1dac4e39cd61f72cce2,15734f8ae9f81ad6e273d75acad015f6,W01,Walls,11314411,896.3572622,32.11111111,27.91424
be30494d2d3d2d1820172c8a3d84381c,15734f8ae9f81ad6e273d75acad015f6,W01,Walls,10447760,4332.867552,155.2206885,27.91424
bf7308f4f1d46ac913969d4c9d5614e3,15734f8ae9f81ad6e273d75acad015f6,W03,Walls,13490121,143.4146133,27.35416667,5.24288
c0221c446d8158dd82d47d8446b29c95,15734f8ae9f81ad6e273d75acad015f6,W02,Walls,10781192,2165.76256,95.875,22.58944
c0b017c5e2072c025edddcc480595975,15734f8ae9f81ad6e273d75acad015f6,W01,Walls,10365340,2313.295716,82.87152778,27.91424
c1259ab7cd6950a6878eb768392dcec5,15734f8ae9f81ad6e273d75acad015f6,W01,Walls,13725032,5478.460373,196.2604167,27.91424
c2eddf1d598047f0cc33af3fb8e7b843,15734f8ae9f81ad6e273d75acad015f6,W05,Walls,10440186,3613.621071,292.0330046,12.374016
c4f7346b7a88c90e68089e4e4e274f61,15734f8ae9f81ad6e273d75acad015f6,W03,Walls,13620623,115.7256533,22.07291667,5.24288
c848133c104f8c518574f389505222ce,15734f8ae9f81ad6e273d75acad015f6,W01,Walls,13620765,490.0499911,17.55555556,27.91424
c858b825e8a2eb5157d932b546c17e3b,15734f8ae9f81ad6e273d75acad015f6,W07,Walls,10681172,4969.854279,115.9429842,42.86464
c8c5a9f1ff32335ee7f69ef9091b8712,15734f8ae9f81ad6e273d75acad015f6,W01,Walls,10395614,5980.62592,214.25,27.91424
c926756536c85f873183f023f49162a6,15734f8ae9f81ad6e273d75acad015f6,W01,Walls,17145793,666.1617067,23.86458333,27.91424
c92d58dfdc173942b6a83848fbc39155,15734f8ae9f81ad6e273d75acad015f6,W01,Walls,13721229,2348.28544,84.125,27.91424
c9637af0c6db19111eb63b8316945c84,15734f8ae9f81ad6e273d75acad015f6,W09,Walls,10464610,932.3418507,61.12312625,15.253504
c97ffb46aa9ec718d9e585a158ecd02b,15734f8ae9f81ad6e273d75acad015f6,W01,Walls,11054067,1081.6768,38.75,27.91424
c9bccac44de80212c5b2e2cafb15074f,15734f8ae9f81ad6e273d75acad015f6,W01,Walls,13541502,13627.38304,488.1875,27.91424
c9f4abd929541cfb24c8c2d91494c679,15734f8ae9f81ad6e273d75acad015f6,W01,Walls,13439973,5722.4192,205,27.91424
cb427697ca9a838c4fe1ea001514cade,15734f8ae9f81ad6e273d75acad015f6,W08,Walls,11383210,3663.244224,181.0052083,20.238336
cb611798254bbce7d4c68e654632fbd1,15734f8ae9f81ad6e273d75acad015f6,W02,Walls,14919767,7288.80048,322.6640625,22.58944
cbed582e1285a5a68000d1a6437fc383,15734f8ae9f81ad6e273d75acad015f6,W08,Walls,10570727,9831.685248,485.7951389,20.238336
cd4bb5e763cfed533db37d3f88339a88,15734f8ae9f81ad6e273d75acad015f6,W03,Walls,16065842,27.07954632,5.165013565,5.24288
cd935b87a932ee23cdcea5edeec5b5c5,15734f8ae9f81ad6e273d75acad015f6,W01,Walls,10778143,1961.750756,70.27777778,27.91424
ce86c3866109baec17554eac0788fe43,15734f8ae9f81ad6e273d75acad015f6,W01,Walls,10781727,2972.86656,106.5,27.91424
cedcf9dee378e448fce8b8d5680327da,15734f8ae9f81ad6e273d75acad015f6,W01,Walls,15828962,1270.381656,45.51016458,27.91424
cefc5fe5d1f5f5e4f1e8fe92dcb3e7fb,15734f8ae9f81ad6e273d75acad015f6,W01,Walls,15983848,3064.654009,109.7881944,27.91424
cf4b50eb1a8beec03dd3d5b90acac5d8,15734f8ae9f81ad6e273d75acad015f6,W01,Walls,11679752,837.4272,30,27.91424
cf719f9a5ee39302fa3c2576ac244e82,15734f8ae9f81ad6e273d75acad015f6,W01,Walls,13577310,11223.10556,402.0566406,27.91424
d17254f240bab8373295c699376a57d9,15734f8ae9f81ad6e273d75acad015f6,W10,Walls,13462315,1393.311744,72,19.351552
d1ed6295ccf6cf1c8ef4d624458f2482,15734f8ae9f81ad6e273d75acad015f6,W07,Walls,14923450,1578.84845,36.83335378,42.86464
d31070866f9b2c4fbef1bb77889fd39c,15734f8ae9f81ad6e273d75acad015f6,W02,Walls,10789409,3102.274563,137.3329557,22.58944
d3a2c7f61175536f47c1eae171be7f9b,15734f8ae9f81ad6e273d75acad015f6,W01,Walls,12658394,1329.1247,47.61457595,27.91424
d41f6e7483efcdba873aebc7f787abc3,15734f8ae9f81ad6e273d75acad015f6,W01,Walls,13722467,997.93408,35.75,27.91424
d42f1b690eb796e2ac4a84c0bca822da,15734f8ae9f81ad6e273d75acad015f6,W02,Walls,10789011,3040.040267,134.5779385,22.58944
d470c8caca64e56ac5e16d3fcd69dd1e,15734f8ae9f81ad6e273d75acad015f6,W03,Walls,16063926,28.82423826,5.497787144,5.24288
d5f4de3dea1bac9227acc717271e120d,15734f8ae9f81ad6e273d75acad015f6,W08,Walls,10404295,6344.727032,313.5004297,20.238336
d6814419d9afb5432c61c739be59b1e3,15734f8ae9f81ad6e273d75acad015f6,W01,Walls,10366683,3416.00512,122.375,27.91424
d6b27b68fb2c5f488e40bbb6bb6fcb15,15734f8ae9f81ad6e273d75acad015f6,W01,Walls,17307953,4912.90624,176,27.91424
d7c222b5d89ddf54524c1860dee9370f,15734f8ae9f81ad6e273d75acad015f6,W04,Walls,13749837,1005.447168,87,11.556864
d86aaf81698f08468b382ab64f39a5aa,15734f8ae9f81ad6e273d75acad015f6,W01,Walls,11657959,2763.50976,99,27.91424
d8a41280a4870d46fe6f4176bc2a2647,15734f8ae9f81ad6e273d75acad015f6,W03,Walls,16038229,36.86645038,7.031717373,5.24288
d8c36c2915599bb6b0c462b2de9a1f2a,15734f8ae9f81ad6e273d75acad015f6,W02,Walls,10446770,2148.82048,95.125,22.58944
d8cd29e9170da1af059827dca9220aab,15734f8ae9f81ad6e273d75acad015f6,W01,Walls,13620934,595.5037867,21.33333333,27.91424
d921b0b0437f8fbb364ee575f49e1bda,15734f8ae9f81ad6e273d75acad015f6,W08,Walls,10751017,648.926784,32.06423611,20.238336
d94fd2ff3828216a70c1d3fa343dfde9,15734f8ae9f81ad6e273d75acad015f6,W01,Walls,14844320,1491.376427,53.42708333,27.91424
d99828f6c2a784c708435b6eb9e19c96,15734f8ae9f81ad6e273d75acad015f6,W08,Walls,11381513,630.33984,31.14583333,20.238336
d9d4f7c5455aa0137555b71c85d44c63,15734f8ae9f81ad6e273d75acad015f6,W01,Walls,13541515,9684.478708,346.9368576,27.91424
da40f9f8d7e5f9e307847eace320b3b4,15734f8ae9f81ad6e273d75acad015f6,W07,Walls,10690124,6548.703527,152.7763566,42.86464
dae51c70cca7fdeae0eb4d5dfa290cb7,15734f8ae9f81ad6e273d75acad015f6,W01,Walls,13926873,7536.8448,270,27.91424
db1f7e004ebcab8baa2e88ef4964bd61,15734f8ae9f81ad6e273d75acad015f6,W01,Walls,10575043,1785.638938,63.96874634,27.91424
db4db9d314a6d1a59e3f55b0f3a78736,15734f8ae9f81ad6e273d75acad015f6,W01,Walls,10435717,742.7077867,26.60677083,27.91424
dc3813a1a6c7f60fc625f25d87100448,15734f8ae9f81ad6e273d75acad015f6,W01,Walls,14652329,595.5781201,21.33599625,27.91424
dc6ca281b20cb35af65f46ee902ed3db,15734f8ae9f81ad6e273d75acad015f6,W09,Walls,15085567,945.717248,62,15.253504
dcbadfcd828d96c068962b56b3a502be,15734f8ae9f81ad6e273d75acad015f6,W08,Walls,11382374,5486.380992,271.0885417,20.238336
dd2716cda4d2b44ad5f551bf7d707b93,15734f8ae9f81ad6e273d75acad015f6,W07,Walls,15177635,3772.08832,88,42.86464
dd4624fde5ec7d09f9a37c60ec5b6db8,15734f8ae9f81ad6e273d75acad015f6,W07,Walls,10341474,34688.15275,809.2486664,42.86464
dd9dd2b9f55b41ce70f8eebb6afc9557,15734f8ae9f81ad6e273d75acad015f6,W01,Walls,10772037,669.94176,24,27.91424
ddfadbd773edcfd0c08e2d7ef7b551e2,15734f8ae9f81ad6e273d75acad015f6,W01,Walls,13553823,303.56736,10.875,27.91424
dfada53ae1796669975d33e8a8943dbb,15734f8ae9f81ad6e273d75acad015f6,W07,Walls,15177849,3772.08832,88,42.86464
e0d28fb5247526b12a52f4c50692ddd0,15734f8ae9f81ad6e273d75acad015f6,W02,Walls,10364605,10687.89177,473.1366414,22.58944
e0e2c28fd7ed5c3733cf48eebce5c7c3,15734f8ae9f81ad6e273d75acad015f6,W01,Walls,13555774,1107.264853,39.66666667,27.91424
e2e918740d4ab4be165460afc2585163,15734f8ae9f81ad6e273d75acad015f6,W01,Walls,13722390,2683.25632,96.125,27.91424
e3111ac4685aa9911b2ec66dbdf2d3b1,15734f8ae9f81ad6e273d75acad015f6,W02,Walls,17870307,2009.205191,88.94444444,22.58944
e39741c6caf8721a9956bb1aaac32845,15734f8ae9f81ad6e273d75acad015f6,W01,Walls,12635086,2302.537102,82.48611111,27.91424
e45c8dc3e28ec421294a5e07f69048b3,15734f8ae9f81ad6e273d75acad015f6,W01,Walls,11250428,1195.659947,42.83333333,27.91424
e4c2d4f3b9da60007e256259d07cd193,15734f8ae9f81ad6e273d75acad015f6,W01,Walls,13556548,1249.889173,44.77604167,27.91424
e4d0d2bc6cfb23f6cf09f777bb1d63e7,15734f8ae9f81ad6e273d75acad015f6,W01,Walls,13556858,1313.205067,47.04427083,27.91424
e505ffcdf494e85f5818c87a8916c5ba,15734f8ae9f81ad6e273d75acad015f6,W08,Walls,13719387,41198.53873,2035.668285,20.238336
e5a26b7493f7a52a85389b03eb9b92fb,15734f8ae9f81ad6e273d75acad015f6,W01,Walls,10771205,1168.9088,41.875,27.91424
e63eec6f3cef3830616b3cdaef484da1,15734f8ae9f81ad6e273d75acad015f6,W02,Walls,15586886,7288.80048,322.6640625,22.58944
e8ef5b1b30e77427869a814456615c1c,15734f8ae9f81ad6e273d75acad015f6,W01,Walls,14544832,9389.458631,336.3680556,27.91424
e90de466d7b7983d9d39e6995d764af2,15734f8ae9f81ad6e273d75acad015f6,W01,Walls,11051561,453.3156267,16.23958333,27.91424
eae88f51e0d513b6a36fa5c8e34cc5bc,15734f8ae9f81ad6e273d75acad015f6,W07,Walls,10342340,2371.843413,55.33333333,42.86464
eb4941f3c17c71dd32363cc56ff1041e,15734f8ae9f81ad6e273d75acad015f6,W08,Walls,13124467,4573.553839,225.9846777,20.238336
ebae0a24e62ea35702d74777f714d94b,15734f8ae9f81ad6e273d75acad015f6,W02,Walls,10789080,2449.035372,108.4150546,22.58944
ebed70d6e298e382921ebc46f363deff,15734f8ae9f81ad6e273d75acad015f6,W08,Walls,10479886,722.466432,35.69791667,20.238336
ee1c7eed31d478db553dd3c81c7d1618,15734f8ae9f81ad6e273d75acad015f6,W08,Walls,8079121,10761.03245,531.7152778,20.238336
ee75b1df75124ef45a0cd1104ea7493f,15734f8ae9f81ad6e273d75acad015f6,W01,Walls,11050410,2208.71424,79.125,27.91424
ef5e4096b5f7c89366eb841c96e8895d,15734f8ae9f81ad6e273d75acad015f6,W01,Walls,12658556,2105.198933,75.41666667,27.91424
ef63a4fe1d99f66e1546f3dabfcd87be,15734f8ae9f81ad6e273d75acad015f6,W01,Walls,10446715,5086.982542,182.2361111,27.91424
ef9c8cc5d3b2c2c7388796e8941298e3,15734f8ae9f81ad6e273d75acad015f6,W01,Walls,13749153,2348.28544,84.125,27.91424
efeed2ec233c133f4a5fa7d78fe7ecf1,15734f8ae9f81ad6e273d75acad015f6,W07,Walls,10680119,247131.2064,5765.386259,42.86464
f095ba7b3bbba97f0b2737f403ffa349,15734f8ae9f81ad6e273d75acad015f6,W01,Walls,11053980,2787.93472,99.875,27.91424
f0c60e8e5bb80abb416651948a9d7270,15734f8ae9f81ad6e273d75acad015f6,W01,Walls,12658476,604.8085333,21.66666667,27.91424
f111bc7ca4ac3bf16b43f9e4a5908841,15734f8ae9f81ad6e273d75acad015f6,W01,Walls,12658439,3095.86368,110.90625,27.91424
f214b8c083ebd787b10d9bd4ac0cf9b5,15734f8ae9f81ad6e273d75acad015f6,W08,Walls,10395885,19135.39017,945.5021484,20.238336
f2162f66af620d233f50350a47e2ecf3,15734f8ae9f81ad6e273d75acad015f6,W01,Walls,13740713,2348.28544,84.125,27.91424
f28f7d209d40ffe09ddf85dedf4dba29,15734f8ae9f81ad6e273d75acad015f6,W02,Walls,15586900,7268.088907,321.7471928,22.58944
f2fc8bb4197cc29af16d9cc789bfe0e5,15734f8ae9f81ad6e273d75acad015f6,W01,Walls,13555401,1188.681387,42.58333333,27.91424
f317dda11e26c3b6b5edc6edd74b9830,15734f8ae9f81ad6e273d75acad015f6,W09,Walls,13126265,302.8838688,19.85667482,15.253504
f3441a258c3d7df3c430fe6e05cf5169,15734f8ae9f81ad6e273d75acad015f6,W08,Walls,11381512,5559.92064,274.7222222,20.238336
f3f680267d6de6f7b912d2dcbc0466d0,15734f8ae9f81ad6e273d75acad015f6,W01,Walls,17867836,2637.965133,94.5024881,27.91424
f413ad4b6ef6a2a48079538ee02524fa,15734f8ae9f81ad6e273d75acad015f6,W01,Walls,13485422,6983.79392,250.1875,27.91424
f44ec2e22f82485e63ba674d9247b661,15734f8ae9f81ad6e273d75acad015f6,W01,Walls,10353260,7536.8448,270,27.91424
f6376a8a743625ceb1c8b912ffc75716,15734f8ae9f81ad6e273d75acad015f6,W01,Walls,10448924,6617.770871,237.0750868,27.91424
f6cbecf6cd7fa5fce1ad7e56c5726fd8,15734f8ae9f81ad6e273d75acad015f6,W01,Walls,15022074,842.66112,30.1875,27.91424
f8138b98ab62e32b6cb6ed6e1254fde3,15734f8ae9f81ad6e273d75acad015f6,W01,Walls,15022038,647.26144,23.1875,27.91424
f85f6c928a8e30119ca6f8850c7b4922,15734f8ae9f81ad6e273d75acad015f6,W07,Walls,15177677,3772.08832,88,42.86464
f893b6811fca6bc6275171210caa1a2e,15734f8ae9f81ad6e273d75acad015f6,W01,Walls,10434660,867.6676267,31.08333333,27.91424
f8e04cc21f42406a205afaa2dcda1637,15734f8ae9f81ad6e273d75acad015f6,W01,Walls,11050063,3095.86368,110.90625,27.91424
f8e3f4cb89f6d1a2d4e8afcf71ff2a69,15734f8ae9f81ad6e273d75acad015f6,W03,Walls,16040915,35.61527545,6.793074694,5.24288
f995ec6f8c23b5cb545c5f728a5c29e6,15734f8ae9f81ad6e273d75acad015f6,W01,Walls,11007602,806.02368,28.875,27.91424
fa4a6729da7ee8fef84ffabc450ea27c,15734f8ae9f81ad6e273d75acad015f6,W01,Walls,13555345,2033.087147,72.83333333,27.91424
fb3de0f849328bf7a97bd54c18f58be7,15734f8ae9f81ad6e273d75acad015f6,W01,Walls,10772304,5299.053227,189.8333333,27.91424
fbded1e32e5f91b696cab22d7513070f,15734f8ae9f81ad6e273d75acad015f6,W07,Walls,15035810,93143.5232,2172.96875,42.86464
fbe31ed8e7640d0320d5713cee35a585,15734f8ae9f81ad6e273d75acad015f6,W10,Walls,13462692,1509.421056,78.00000001,19.351552
fc4ce9c0379216c07464d0c792706cc4,15734f8ae9f81ad6e273d75acad015f6,W03,Walls,16066039,18.58501028,3.544809395,5.24288
fd3bd24a212879c88207aacc66532bad,15734f8ae9f81ad6e273d75acad015f6,W01,Walls,11050017,982.8138667,35.20833333,27.91424
fdf9a741aea2b17de9dc88dad9da1d20,15734f8ae9f81ad6e273d75acad015f6,W09,Walls,10367803,732.1824922,48.0009375,15.253504
fe08d8bdcc80c5aee2ef1a2274e936d8,15734f8ae9f81ad6e273d75acad015f6,W01,Walls,13493816,11676.37575,418.2945964,27.91424
fe0f1c203695b774793f2a0ab86bbd9e,15734f8ae9f81ad6e273d75acad015f6,W01,Walls,13720364,889.6210133,31.86979167,27.91424
fefbe9696ca2e13efe315e54505d43c1,15734f8ae9f81ad6e273d75acad015f6,W08,Walls,10671902,51801.09665,2559.553149,20.238336
ff760e871e50ecb0e1c317ec3f22727e,15734f8ae9f81ad6e273d75acad015f6,W01,Walls,13740181,2290.906169,82.06944444,27.91424